LP	Name	Pokedex Nr.	Primary type	Secondary type	Dynamax	Gigantamax	Dynamax type	Gigantamax type	Fast attacks	Attack	Defense	HP	Charged attacks
1	Charmander	4	Fire		TRUE	FALSE			Scratch [Normal 6 4 0.5-0.3] | Ember [Fire 10 10 1.0-0.6]	116	93	118	Flamethrower [Fire 65 50 2.0-1.3] | Flame Burst [Fire 70 50 2.5-0.9] | Flame Charge [Fire 70 33 4.0-3.1]
2	Charmeleon	5	Fire		TRUE	FALSE			Scratch [Normal 6 4 0.5-0.3 elite] | Ember [Fire 10 10 1.0-0.6] | Fire Fang [Fire 13 9 1.0-0.7]	158	126	151	Fire Punch [Fire 50 33 2.0-1.3] | Flamethrower [Fire 65 50 2.0-1.3] | Flame Burst [Fire 70 50 2.5-0.9]
3	Charizard	6	Fire	Flying	TRUE	TRUE		Fire	Dragon Breath [Dragon 6 4 0.5-0.3 elite] | Ember [Fire 10 10 1.0-0.6 elite] | Wing Attack [Flying 10 11 1.0-0.8 elite] | Air Slash [Flying 12 8 1.0-0.8] | Fire Spin [Fire 13 9 1.0-0.8]	223	173	186	Dragon Claw [Dragon 45 33 1.5-0.9] | Flamethrower [Fire 65 50 2.0-1.3 elite] | Air Cutter [Flying 55 50 2.5-1.6] | Blast Burn [Fire 120 50 3.5-3.0 elite] | Fire Blast [Fire 140 100 4.0-2.9] | Overheat [Fire 160 100 4.0-2.6]
4	Squirtle	7	Water		TRUE	FALSE			Tackle [Normal 5 5 0.5-0.3] | Bubble [Water 10 12 1.0-0.6]	94	121	127	Aqua Tail [Water 50 33 2.0-1.3] | Aqua Jet [Water 45 33 2.5-1.6] | Water Pulse [Water 65 50 3.0-2.0]
5	Wartortle	8	Water		TRUE	FALSE			Water Gun [Water 5 5 0.5-0.3] | Bite [Dark 6 4 0.5-0.3]	126	155	153	Aqua Jet [Water 45 33 2.5-1.6] | Ice Beam [Ice 95 50 3.5-1.5] | Hydro Pump [Water 135 100 3.5-1.1]
6	Blastoise	9	Water		TRUE	TRUE		Water	Water Gun [Water 5 5 0.5-0.3] | Bite [Dark 6 4 0.5-0.3] | Rollout [Rock 15 19 1.5-1.1]	171	207	188	Hydro Cannon [Water 90 50 2.0-0.6 elite] | Flash Cannon [Steel 100 100 2.5-1.4] | Skull Bash [Normal 130 100 3.0-1.7] | Ice Beam [Ice 95 50 3.5-1.5] | Hydro Pump [Water 135 100 3.5-1.1]
7	Bulbasaur	1	Grass	Poison	TRUE	FALSE			Tackle [Normal 5 5 0.5-0.3] | Vine Whip [Grass 6 5 0.5-0.3]	118	111	128	Seed Bomb [Grass 55 33 2.0-1.1] | Sludge Bomb [Poison 85 50 2.5-1.3] | Power Whip [Grass 90 50 2.5-1.1]
8	Ivysaur	2	Grass	Poison	TRUE	FALSE			Vine Whip [Grass 6 5 0.5-0.3] | Razor Leaf [Grass 13 7 1.0-0.6]	151	143	155	Sludge Bomb [Poison 85 50 2.5-1.3] | Power Whip [Grass 90 50 2.5-1.1] | Solar Beam [Grass 180 100 5.0-2.8]
9	Venusaur	3	Grass	Poison	TRUE	TRUE		Grass	Vine Whip [Grass 6 5 0.5-0.3] | Razor Leaf [Grass 13 7 1.0-0.6]	198	189	190	Sludge [Poison 50 33 2.0-1.1] | Sludge Bomb [Poison 85 50 2.5-1.3] | Frenzy Plant [Grass 100 50 2.5-2.0 elite] | Petal Blizzard [Grass 110 100 2.5-1.6] | Solar Beam [Grass 180 100 5.0-2.8]
10	Gastly	92	Ghost	Poison	TRUE	FALSE			Lick [Ghost 5 6 0.5-0.2] | Sucker Punch [Dark 5 6 0.5-0.1 elite] | Astonish [Ghost 7 13 1.0-0.6]	186	67	102	Ominous Wind [Ghost 55 33 2.5-2.0 elite] | Night Shade [Ghost 60 50 2.5-2.0] | Sludge Bomb [Poison 85 50 2.5-1.3] | Dark Pulse [Dark 80 50 3.0-1.4]
11	Haunter	93	Ghost	Poison	TRUE	FALSE			Lick [Ghost 5 6 0.5-0.2 elite] | Shadow Claw [Ghost 6 4 0.5-0.1] | Astonish [Ghost 7 13 1.0-0.6]	223	107	128	Shadow Punch [Ghost 35 33 1.5-1.1] | Ice Punch [Ice 50 33 2.0-1.4] | Sludge Bomb [Poison 85 50 2.5-1.3] | Dark Pulse [Dark 80 50 3.0-1.4] | Shadow Ball [Ghost 100 50 3.0-2.4]
12	Gengar	94	Ghost	Poison	TRUE	TRUE		Ghost	Sucker Punch [Dark 5 6 0.5-0.1] | Lick [Ghost 5 6 0.5-0.2 elite] | Shadow Claw [Ghost 6 4 0.5-0.1] | Hex [Ghost 8 13 1.0-0.8]	261	149	155	Shadow Punch [Ghost 35 33 1.5-1.1 elite] | Drain Punch [Fighting 50 33 2.5-1.1] | Sludge Bomb [Poison 85 50 2.5-1.3] | Dark Pulse [Dark 80 50 3.0-1.4 elite] | Psychic [Psychic 95 50 3.0-1.5 elite] | Shadow Ball [Ghost 100 50 3.0-2.4] | Sludge Wave [Poison 105 100 3.0-1.8 elite] | Focus Blast [Fighting 140 100 3.5-3.0]
13	Toxtricity	849	Electric	Poison	TRUE	TRUE		Electric	Spark [Electric 4 6 0.5-0.1] | Acid [Poison 11 10 1.0-0.6] | Poison Jab [Poison 13 9 1.0-0.4]	224	140	181	Power Up Punch [Fighting 50 33 2.0-1.7] | Discharge [Electric 65 33 2.5-1.7] | Wild Charge [Electric 90 50 2.5-1.6] | Acid Spray [Poison 20 50 3.0-2.1]
14	Lapras	131	Water	Ice	FALSE	TRUE		Ice	Psywave [Psychic 4 7 0.5-0.3] | Water Gun [Water 5 5 0.5-0.3] | Ice Shard [Ice 10 10 1.0-0.4 elite] | Frost Breath [Ice 11 9 1.0-0.6]	165	174	277	Surf [Water 60 50 1.5-1.2] | Sparkling Aria [Water 85 33 3.0-1.7] | Blizzard [Ice 130 100 3.0-1.4] | Skull Bash [Normal 130 100 3.0-1.7] | Dragon Pulse [Dragon 90 50 3.5-2.0 elite] | Ice Beam [Ice 95 50 3.5-1.5 elite] | Hydro Pump [Water 135 100 3.5-1.1]
15	Falinks	870	Fighting		TRUE	FALSE			Counter [Fighting 13 9 1.0-0.8] | Rock Smash [Fighting 17 12 1.5-0.8]	193	170	163	Brick Break [Fighting 40 33 1.5-0.7] | Megahorn [Bug 105 100 2.0-1.5] | Super Power [Fighting 85 50 3.0-2.1]
16	Beldum	374	Steel	Psychic	TRUE	FALSE			Take Down [Normal 7 8 1.0-0.8]	96	132	120	Iron Head [Steel 60 50 2.0-1.4]
17	Metang	375	Steel	Psychic	TRUE	FALSE			Fury Cutter [Bug 4 8 0.5-0.2] | Metal Claw [Steel 6 5 0.5-0.2] | Zen Headbutt [Psychic 11 9 1.0-0.8]	138	176	155	Psyshock [Psychic 60 33 2.5-1.8] | Psychic [Psychic 95 50 3.0-1.5] | Gyro Ball [Steel 85 50 3.5-3.2]
18	Metagross	376	Steel	Psychic	TRUE	FALSE			Fury Cutter [Bug 4 8 0.5-0.2] | Shadow Claw [Ghost 6 4 0.5-0.1 elite] | Bullet Punch [Steel 10 11 1.0-0.4] | Zen Headbutt [Psychic 11 9 1.0-0.8]	257	228	190	Flash Cannon [Steel 100 100 2.5-1.4] | Meteor Mash [Steel 100 50 2.5-2.2 elite] | Psychic [Psychic 95 50 3.0-1.5] | Earthquake [Ground 140 100 3.5-2.6]
19	Skwovet	819	Normal		TRUE	FALSE			Tackle [Normal 5 5 0.5-0.3] | Bite [Dark 6 4 0.5-0.3] | Bullet Seed [Grass 7 13 1.0-0.8]	95	86	172	Body Slam [Normal 50 33 2.0-1.3] | Trailblaze [Grass 65 50 2.0-1.2] | Crunch [Dark 65 33 3.0-1.1]
20	Greedent	820	Normal		TRUE	FALSE			Mud Shot [Ground 4 6 0.5-0.3] | Tackle [Normal 5 5 0.5-0.3] | Bite [Dark 6 4 0.5-0.3] | Bullet Seed [Grass 7 13 1.0-0.8]	160	156	260	Body Slam [Normal 50 33 2.0-1.3] | Trailblaze [Grass 65 50 2.0-1.2] | Crunch [Dark 65 33 3.0-1.1]
21	Wooloo	831	Normal		TRUE	FALSE			Tackle [Normal 5 5 0.5-0.3] | Take Down [Normal 7 8 1.0-0.8]	76	97	123	Stomp [Normal 50 50 1.5-0.9] | Payback [Dark 95 100 2.0-0.9] | Wild Charge [Electric 90 50 2.5-1.6]
22	Dubwool	832	Normal		TRUE	FALSE			Tackle [Normal 5 5 0.5-0.3] | Take Down [Normal 7 8 1.0-0.8] | Double Kick [Fighting 10 13 1.0-0.3]	159	198	176	Body Slam [Normal 50 33 2.0-1.3] | Payback [Dark 95 100 2.0-0.9] | Wild Charge [Electric 90 50 2.5-1.6]
23	Grookey	810	Grass		TRUE	FALSE			Scratch [Normal 6 4 0.5-0.3] | Razor Leaf [Grass 13 7 1.0-0.6]	122	91	137	Grass Knot [Grass 90 50 2.5-1.6] | Energy Ball [Grass 90 50 4.0-3.1]
24	Thwackey	811	Grass		TRUE	FALSE			Scratch [Normal 6 4 0.5-0.3] | Razor Leaf [Grass 13 7 1.0-0.6]	165	134	172	Grass Knot [Grass 90 50 2.5-1.6] | Energy Ball [Grass 90 50 4.0-3.1]
25	Rillaboom	812	Grass		TRUE	31.05.2025		Grass	Scratch [Normal 6 4 0.5-0.3] | Razor Leaf [Grass 13 7 1.0-0.6]	239	168	225	Grass Knot [Grass 90 50 2.5-1.6] | Frenzy Plant [Grass 100 50 2.5-2.0 elite] | Earth Power [Ground 100 50 3.5-2.6] | Energy Ball [Grass 90 50 4.0-3.1] | Drum Beating [Grass 115 33 4.5-3.0]
26	Scorbunny	813	Fire		TRUE	FALSE			Tackle [Normal 5 5 0.5-0.3] | Fire Spin [Fire 13 9 1.0-0.8]	132	79	137	Flamethrower [Fire 65 50 2.0-1.3] | Flame Charge [Fire 70 33 4.0-3.1]
27	Raboot	814	Fire		TRUE	FALSE			Tackle [Normal 5 5 0.5-0.3] | Fire Spin [Fire 13 9 1.0-0.8]	170	125	163	Flamethrower [Fire 65 50 2.0-1.3] | Flame Charge [Fire 70 33 4.0-3.1]
28	Cinderace	815	Fire		TRUE	07.06.2025		Fire	Tackle [Normal 5 5 0.5-0.3] | Fire Spin [Fire 13 9 1.0-0.8]	238	163	190	Flamethrower [Fire 65 50 2.0-1.3] | Focus Blast [Fighting 140 100 3.5-3.0] | Flame Charge [Fire 70 33 4.0-3.1]
29	Sobble	816	Water		TRUE	FALSE			Water Gun [Water 5 5 0.5-0.3] | Pound [Normal 6 5 0.5-0.2]	132	79	137	Surf [Water 60 50 1.5-1.2] | Water Pulse [Water 65 50 3.0-2.0]
30	Drizzile	817	Water		TRUE	FALSE			Water Gun [Water 5 5 0.5-0.3] | Pound [Normal 6 5 0.5-0.2]	186	113	163	Surf [Water 60 50 1.5-1.2] | Water Pulse [Water 65 50 3.0-2.0]
31	Inteleon	818	Water		TRUE	14.06.2025		Water	Water Gun [Water 5 5 0.5-0.3] | Pound [Normal 6 5 0.5-0.2]	262	142	172	Surf [Water 60 50 1.5-1.2] | Water Pulse [Water 65 50 3.0-2.0] | Shadow Ball [Ghost 100 50 3.0-2.4]
32	Drilbur	529	Ground		TRUE	FALSE			Scratch [Normal 6 4 0.5-0.3] | Mud Slap [Ground 19 13 1.5-1.3]	154	85	155	Rock Tomb [Rock 65 50 3.0-2.0] | Drill Run [Ground 85 50 3.0-1.9] | Dig [Ground 100 50 4.5-2.6]
33	Excadrill	530	Ground	Steel	TRUE	FALSE			Mud Shot [Ground 4 6 0.5-0.3] | Metal Claw [Steel 6 5 0.5-0.2] | Mud Slap [Ground 19 13 1.5-1.3]	255	129	242	Iron Head [Steel 60 50 2.0-1.4] | Rock Slide [Rock 75 50 2.5-1.3] | Drill Run [Ground 85 50 3.0-1.9] | Scorching Sands [Ground 90 50 3.0-1.4] | Earthquake [Ground 140 100 3.5-2.6]
34	Machop	66	Fighting		TRUE	FALSE			Low Kick [Fighting 5 5 0.5-0.2 elite] | Karate Chop [Fighting 10 13 1.0-0.8] | Rock Smash [Fighting 17 12 1.5-0.8]	137	82	172	Brick Break [Fighting 40 33 1.5-0.7] | Cross Chop [Fighting 50 50 1.5-0.8] | Low Sweep [Fighting 40 33 2.0-1.4]
35	Machoke	67	Fighting		TRUE	FALSE			Low Kick [Fighting 5 5 0.5-0.2] | Karate Chop [Fighting 10 13 1.0-0.8]	177	125	190	Brick Break [Fighting 40 33 1.5-0.7] | Cross Chop [Fighting 50 50 1.5-0.8 elite] | Submission [Fighting 55 50 2.0-1.6] | Dynamic Punch [Fighting 85 50 2.5-1.0]
36	Machamp	68	Fighting		TRUE	25.05.2025		Fighting	Bullet Punch [Steel 10 11 1.0-0.4] | Karate Chop [Fighting 10 13 1.0-0.8 elite] | Counter [Fighting 13 9 1.0-0.8]	234	159	207	Cross Chop [Fighting 50 50 1.5-0.8] | Submission [Fighting 55 50 2.0-1.6 elite] | Heavy Slam [Steel 70 50 2.0-1.4] | Payback [Dark 95 100 2.0-0.9 elite] | Rock Slide [Rock 75 50 2.5-1.3] | Dynamic Punch [Fighting 85 50 2.5-1.0] | Close Combat [Fighting 105 100 2.5-1.2] | Stone Edge [Rock 105 100 2.5-0.9 elite]
37	Krabby	98	Water		TRUE	FALSE			Mud Shot [Ground 4 6 0.5-0.3] | Bubble [Water 10 12 1.0-0.6]	181	124	102	Razor Shell [Water 55 33 1.5-0.8] | Vice Grip [Normal 35 33 2.0-1.2] | Bubble Beam [Water 45 33 2.0-1.6] | Water Pulse [Water 65 50 3.0-2.0]
38	Kingler	99	Water		TRUE	TRUE		Water	Mud Shot [Ground 4 6 0.5-0.3 elite] | Metal Claw [Steel 6 5 0.5-0.2] | Bubble [Water 10 12 1.0-0.6]	240	181	146	X Scissor [Bug 45 33 1.5-1.1] | Razor Shell [Water 55 33 1.5-0.8] | Vice Grip [Normal 35 33 2.0-1.2] | Crabhammer [Water 85 50 2.0-1.6] | Water Pulse [Water 65 50 3.0-2.0]
39	Cryogonal	615	Ice		TRUE	FALSE			Ice Shard [Ice 10 10 1.0-0.4] | Frost Breath [Ice 11 9 1.0-0.6]	190	218	190	Night Slash [Dark 45 33 2.0-1.1] | Triple Axel [Ice 60 33 2.0-1.5] | Water Pulse [Water 65 50 3.0-2.0] | Aurora Beam [Ice 80 50 3.5-3.3] | Solar Beam [Grass 180 100 5.0-2.8]
40	Articuno	144	Ice	Flying	TRUE	FALSE			Ice Shard [Ice 10 10 1.0-0.4] | Frost Breath [Ice 11 9 1.0-0.6]	192	236	207	Triple Axel [Ice 60 33 2.0-1.5] | Hurricane [Flying 105 100 2.5-1.0 elite] | Blizzard [Ice 130 100 3.0-1.4] | Icy Wind [Ice 65 33 3.5-2.2] | Ancient Power [Rock 70 33 3.5-2.9] | Ice Beam [Ice 95 50 3.5-1.5]
41	Zapdos	145	Electric	Flying	TRUE	FALSE			Thunder Shock [Electric 4 7 0.5-0.2 elite] | Charge Beam [Electric 7 14 1.0-0.8]	253	185	207	Drill Peck [Flying 70 33 2.5-1.9] | Thunderbolt [Electric 80 50 2.5-1.8] | Thunder [Electric 100 100 2.5-1.3] | Ancient Power [Rock 70 33 3.5-2.9] | Zap Cannon [Electric 140 100 3.5-2.8]
42	Moltres	146	Fire	Flying	TRUE	FALSE			Wing Attack [Flying 10 11 1.0-0.8] | Fire Spin [Fire 13 9 1.0-0.8]	251	181	207	Sky Attack [Flying 80 50 2.0-1.5 elite] | Heat Wave [Fire 95 100 3.0-1.7] | Ancient Power [Rock 70 33 3.5-2.9] | Fire Blast [Fire 140 100 4.0-2.9] | Overheat [Fire 160 100 4.0-2.6]
43	Pidove	519	Normal	Flying	TRUE	FALSE			Quick Attack [Normal 10 13 1.0-0.5] | Air Slash [Flying 12 8 1.0-0.8]	98	80	137	Aerial Ace [Flying 55 33 2.5-2.0] | Air Cutter [Flying 55 50 2.5-1.6] | Heat Wave [Fire 95 100 3.0-1.7]
44	Tranquill	520	Normal	Flying	TRUE	FALSE			Air Slash [Flying 12 8 1.0-0.8] | Steel Wing [Steel 14 8 1.0-0.7]	144	107	158	Sky Attack [Flying 80 50 2.0-1.5] | Aerial Ace [Flying 55 33 2.5-2.0] | Heat Wave [Fire 95 100 3.0-1.7]
45	Unfezant	521	Normal	Flying	TRUE	FALSE			Air Slash [Flying 12 8 1.0-0.8] | Steel Wing [Steel 14 8 1.0-0.7]	226	146	190	Sky Attack [Flying 80 50 2.0-1.5] | Heat Wave [Fire 95 100 3.0-1.7] | Hyper Beam [Normal 150 100 4.0-3.5]
46	Darumaka	554	Fire		TRUE	FALSE			Tackle [Normal 5 5 0.5-0.3] | Fire Fang [Fire 13 9 1.0-0.7]	153	86	172	Fire Punch [Fire 50 33 2.0-1.3] | Flame Charge [Fire 70 33 4.0-3.1]
47	Darmanitan	555	Fire		TRUE	FALSE			Tackle [Normal 5 5 0.5-0.3] | Fire Fang [Fire 13 9 1.0-0.7] | Incinerate [Fire 32 22 2.5-0.7]	263	114	233	Rock Slide [Rock 75 50 2.5-1.3] | Psychic [Psychic 95 50 3.0-1.5] | Focus Blast [Fighting 140 100 3.5-3.0] | Overheat [Fire 160 100 4.0-2.6]
48	Raikou	243	Electric		TRUE	FALSE			Thunder Shock [Electric 4 7 0.5-0.2] | Volt Switch [Electric 13 20 1.5-0.6]	241	195	207	Aura Sphere [Fighting 100 50 2.0-1.2] | Thunderbolt [Electric 80 50 2.5-1.8] | Wild Charge [Electric 90 50 2.5-1.6] | Thunder [Electric 100 100 2.5-1.3] | Shadow Ball [Ghost 100 50 3.0-2.4]
49	Chansey	113	Normal		TRUE	FALSE			Pound [Normal 6 5 0.5-0.2] | Zen Headbutt [Psychic 11 9 1.0-0.8]	60	128	487	Psychic [Psychic 95 50 3.0-1.5] | Dazzling Gleam [Fairy 100 50 3.5-2.1] | Hyper Beam [Normal 150 100 4.0-3.5]
50	Blissey	242	Normal		TRUE	FALSE			Pound [Normal 6 5 0.5-0.2] | Zen Headbutt [Psychic 11 9 1.0-0.8]	129	169	496	Wild Charge [Electric 90 50 2.5-1.6 elite] | Psychic [Psychic 95 50 3.0-1.5] | Dazzling Gleam [Fairy 100 50 3.5-2.1] | Hyper Beam [Normal 150 100 4.0-3.5]
51	Caterpie	10	Bug		TRUE	FALSE			Bug Bite [Bug 5 6 0.5-0.3] | Tackle [Normal 5 5 0.5-0.3]	55	55	128	Struggle [Normal 35 0 2.0-1.0]
52	Metapod	11	Bug		TRUE	FALSE			Bug Bite [Bug 5 6 0.5-0.3] | Tackle [Normal 5 5 0.5-0.3]	45	80	137	Struggle [Normal 35 0 2.0-1.0]
53	Butterfree	12	Bug	Flying	TRUE	03.08.2025		Bug	Bug Bite [Bug 5 6 0.5-0.3 elite] | Struggle Bug [Bug 15 15 1.5-1.2] | Confusion [Psychic 19 14 1.5-0.5]	167	137	155	Signal Beam [Bug 75 50 3.0-1.9] | Psychic [Psychic 95 50 3.0-1.5] | Bug Buzz [Bug 95 50 3.5-1.8]
54	Passimian	766	Fighting		TRUE	FALSE			Take Down [Normal 7 8 1.0-0.8] | Counter [Fighting 13 9 1.0-0.8] | Rock Smash [Fighting 17 12 1.5-0.8]	222	160	225	Brick Break [Fighting 40 33 1.5-0.7] | Brutal Swing [Dark 65 33 2.0-1.3] | Drain Punch [Fighting 50 33 2.5-1.1] | Close Combat [Fighting 105 100 2.5-1.2] | Super Power [Fighting 85 50 3.0-2.1]
55	Snorlax	143	Normal		FALSE	19.04.2025		Normal	Lick [Ghost 5 6 0.5-0.2] | Zen Headbutt [Psychic 11 9 1.0-0.8] | Yawn [Normal 0 13 1.5-1.2 elite]	190	169	330	Body Slam [Normal 50 33 2.0-1.3] | Heavy Slam [Steel 70 50 2.0-1.4] | Super Power [Fighting 85 50 3.0-2.1] | Skull Bash [Normal 130 100 3.0-1.7] | Earthquake [Ground 140 100 3.5-2.6] | Outrage [Dragon 110 50 4.0-2.6] | Hyper Beam [Normal 150 100 4.0-3.5]
56	Entei	244	Fire		26.04.2025	FALSE			Fire Spin [Fire 13 9 1.0-0.8] | Fire Fang [Fire 13 9 1.0-0.7]	235	171	251	Iron Head [Steel 60 50 2.0-1.4] | Flamethrower [Fire 65 50 2.0-1.3] | Scorching Sands [Ground 90 50 3.0-1.4] | Flame Charge [Fire 70 33 4.0-3.1] | Fire Blast [Fire 140 100 4.0-2.9] | Overheat [Fire 160 100 4.0-2.6]
57	Urshifu	892	Fighting		FALSE	FALSE			Counter [Fighting 13 9 1.0-0.8] | Rock Smash [Fighting 17 12 1.5-0.8]	254	177	225	Brick Break [Fighting 40 33 1.5-0.7] | Dynamic Punch [Fighting 85 50 2.5-1.0] | Close Combat [Fighting 105 100 2.5-1.2]
58	Urshifu Rapid Strike	892	Fighting	Water	21.05.2025	FALSE			Counter [Fighting 13 9 1.0-0.8] | Waterfall [Water 13 7 1.0-0.8] | Rock Smash [Fighting 17 12 1.5-0.8]	254	177	225	Brick Break [Fighting 40 33 1.5-0.7] | Aqua Jet [Water 45 33 2.5-1.6] | Dynamic Punch [Fighting 85 50 2.5-1.0] | Close Combat [Fighting 105 100 2.5-1.2]
59	Urshifu Single Strike	892	Fighting	Dark	21.05.2025	FALSE			Sucker Punch [Dark 5 6 0.5-0.1] | Counter [Fighting 13 9 1.0-0.8] | Rock Smash [Fighting 17 12 1.5-0.8]	254	177	225	Brick Break [Fighting 40 33 1.5-0.7] | Payback [Dark 95 100 2.0-0.9] | Dynamic Punch [Fighting 85 50 2.5-1.0] | Close Combat [Fighting 105 100 2.5-1.2]
60	Suicune	245	Water		10.05.2025	FALSE			Water Gun [Water 5 5 0.5-0.3] | Extrasensory [Psychic 11 11 1.0-0.8] | Snarl [Dark 11 13 1.0-0.8] | Ice Fang [Ice 12 20 1.5-0.4] | Hidden Power [Normal 15 15 1.5-1.1 elite]	180	235	225	Bubble Beam [Water 45 33 2.0-1.6] | Water Pulse [Water 65 50 3.0-2.0] | Scald [Water 75 50 3.5-1.1] | Ice Beam [Ice 95 50 3.5-1.5] | Hydro Pump [Water 135 100 3.5-1.1]
61	Sableye	302	Dark	Ghost	19.05.2025	FALSE			Shadow Claw [Ghost 6 4 0.5-0.1] | Feint Attack [Dark 11 10 1.0-0.8]	141	136	137	Foul Play [Dark 70 50 2.0-1.7] | Drain Punch [Fighting 50 33 2.5-1.1] | Shadow Sneak [Ghost 50 33 3.0-2.3] | Power Gem [Rock 80 50 3.0-2.0] | Dazzling Gleam [Fairy 100 50 3.5-2.1]
62	Rookidee	821	Flying		26.05.2025	FALSE			Sand Attack [Ground 4 7 0.5-0.3] | Peck [Flying 10 10 1.0-0.5] | Air Slash [Flying 12 8 1.0-0.8]	88	67	116	Sky Attack [Flying 80 50 2.0-1.5] | Payback [Dark 95 100 2.0-0.9]
63	Corvisquire	822	Flying		26.05.2025	FALSE			Sand Attack [Ground 4 7 0.5-0.3] | Peck [Flying 10 10 1.0-0.5] | Air Slash [Flying 12 8 1.0-0.8]	129	110	169	Sky Attack [Flying 80 50 2.0-1.5] | Payback [Dark 95 100 2.0-0.9]
64	Corviknight	823	Flying	Steel	26.05.2025	???		Flying	Sand Attack [Ground 4 7 0.5-0.3] | Air Slash [Flying 12 8 1.0-0.8] | Steel Wing [Steel 14 8 1.0-0.7]	163	192	221	Iron Head [Steel 60 50 2.0-1.4 elite] | Sky Attack [Flying 80 50 2.0-1.5] | Payback [Dark 95 100 2.0-0.9] | Air Cutter [Flying 55 50 2.5-1.6 elite]
65	Hatenna	856	Psychic		16.06.2025	FALSE			Confusion [Psychic 19 14 1.5-0.5] | Charm [Fairy 20 11 1.5-0.9]	98	93	123	Psyshock [Psychic 60 33 2.5-1.8] | Psychic [Psychic 95 50 3.0-1.5] | Dazzling Gleam [Fairy 100 50 3.5-2.1]
66	Hattrem	857	Psychic		16.06.2025	FALSE			Confusion [Psychic 19 14 1.5-0.5] | Charm [Fairy 20 11 1.5-0.9]	153	133	149	Psyshock [Psychic 60 33 2.5-1.8] | Psychic [Psychic 95 50 3.0-1.5] | Dazzling Gleam [Fairy 100 50 3.5-2.1]
67	Hatterene	858	Psychic	Fairy	16.06.2025	???		Fairy	Psycho Cut [Psychic 4 7 0.5-0.3] | Confusion [Psychic 19 14 1.5-0.5] | Charm [Fairy 20 11 1.5-0.9]	237	182	149	Psyshock [Psychic 60 33 2.5-1.8] | Power Whip [Grass 90 50 2.5-1.1] | Psychic [Psychic 95 50 3.0-1.5] | Dazzling Gleam [Fairy 100 50 3.5-2.1]
68	Zacian Crowned Sword	888	Fairy	Steel	28.06.2025	FALSE	Steel		Metal Claw [Steel 6 5 0.5-0.2] | Air Slash [Flying 12 8 1.0-0.8]	332	240	192	Close Combat [Fighting 105 100 2.5-1.2] | Play Rough [Fairy 90 50 3.0-1.4] | Giga Impact [Normal 200 100 4.5-0.8]
69	Zamazenta Crowned Shield	889	Fighting	Steel	29.06.2025	FALSE	Steel		Metal Claw [Steel 6 5 0.5-0.2] | Ice Fang [Ice 12 20 1.5-0.4]	250	292	192	Close Combat [Fighting 105 100 2.5-1.2] | Moonblast [Fairy 130 100 4.0-2.3] | Giga Impact [Normal 200 100 4.5-0.8]
70	Shuckle	213	Bug	Rock	30.06.2025	FALSE			Rock Throw [Rock 13 8 1.0-0.6] | Struggle Bug [Bug 15 15 1.5-1.2]	17	396	85	Rock Blast [Rock 50 33 2.0-1.5] | Stone Edge [Rock 105 100 2.5-0.9] | Gyro Ball [Steel 85 50 3.5-3.2]
71	Wailmer	320	Water		14.07.2025	FALSE			Water Gun [Water 5 5 0.5-0.3] | Splash [Water 0 17 1.5-0.8] | Rollout [Rock 15 19 1.5-1.1]	136	68	277	Body Slam [Normal 50 33 2.0-1.3] | Heavy Slam [Steel 70 50 2.0-1.4] | Water Pulse [Water 65 50 3.0-2.0] | Scald [Water 75 50 3.5-1.1]
72	Wailord	321	Water		14.07.2025	FALSE			Water Gun [Water 5 5 0.5-0.3] | Zen Headbutt [Psychic 11 9 1.0-0.8] | Rollout [Rock 15 19 1.5-1.1]	175	87	347	Surf [Water 60 50 1.5-1.2] | Blizzard [Ice 130 100 3.0-1.4] | Scald [Water 75 50 3.5-1.1] | Hyper Beam [Normal 150 100 4.0-3.5]
73	Kabuto	140	Rock	Water	28.07.2025	FALSE			Mud Shot [Ground 4 6 0.5-0.3] | Scratch [Normal 6 4 0.5-0.3]	148	140	102	Aqua Jet [Water 45 33 2.5-1.6] | Rock Tomb [Rock 65 50 3.0-2.0] | Ancient Power [Rock 70 33 3.5-2.9]
74	Kabutops	141	Rock	Water	28.07.2025	FALSE			Mud Shot [Ground 4 6 0.5-0.3] | Fury Cutter [Bug 4 8 0.5-0.2 elite] | Waterfall [Water 13 7 1.0-0.8] | Rock Smash [Fighting 17 12 1.5-0.8]	220	186	155	Stone Edge [Rock 105 100 2.5-0.9] | Water Pulse [Water 65 50 3.0-2.0] | Ancient Power [Rock 70 33 3.5-2.9]
75	Latias	380	Dragon	Psychic	26.07.2025	FALSE			Dragon Breath [Dragon 6 4 0.5-0.3] | Zen Headbutt [Psychic 11 9 1.0-0.8] | Charm [Fairy 20 11 1.5-0.9]	228	246	190	Aura Sphere [Fighting 100 50 2.0-1.2] | Mist Ball [Psychic 105 100 2.0-1.2 elite] | Thunder [Electric 100 100 2.5-1.3] | Psychic [Psychic 95 50 3.0-1.5] | Outrage [Dragon 110 50 4.0-2.6]
76	Latios	381	Dragon	Psychic	26.07.2025	FALSE			Dragon Breath [Dragon 6 4 0.5-0.3] | Zen Headbutt [Psychic 11 9 1.0-0.8]	268	212	190	Dragon Claw [Dragon 45 33 1.5-0.9] | Luster Purge [Psychic 100 100 1.5-0.5 elite] | Aura Sphere [Fighting 100 50 2.0-1.2] | Psychic [Psychic 95 50 3.0-1.5] | Solar Beam [Grass 180 100 5.0-2.8]
77	Omanyte	138	Rock	Water	04.08.2025	FALSE			Mud Shot [Ground 4 6 0.5-0.3] | Water Gun [Water 5 5 0.5-0.3]	155	153	111	Bubble Beam [Water 45 33 2.0-1.6] | Rock Blast [Rock 50 33 2.0-1.5] | Brine [Water 65 50 2.5-1.7 elite] | Rock Tomb [Rock 65 50 3.0-2.0 elite] | Ancient Power [Rock 70 33 3.5-2.9]
78	Omastar	139	Rock	Water	04.08.2025	FALSE			Mud Shot [Ground 4 6 0.5-0.3] | Water Gun [Water 5 5 0.5-0.3] | Rock Throw [Rock 13 8 1.0-0.6 elite]	207	201	172	Rock Blast [Rock 50 33 2.0-1.5] | Rock Slide [Rock 75 50 2.5-1.3 elite] | Ancient Power [Rock 70 33 3.5-2.9] | Hydro Pump [Water 135 100 3.5-1.1]
79	Trubbish	568	Poison		11.08.2025	FALSE			Pound [Normal 6 5 0.5-0.2] | Take Down [Normal 7 8 1.0-0.8]	96	122	137	Seed Bomb [Grass 55 33 2.0-1.1] | Gunk Shot [Poison 130 100 3.0-1.6]
80	Garbodor	569	Poison		11.08.2025	01.11.2025		Poison	Take Down [Normal 7 8 1.0-0.8] | Infestation [Bug 9 13 1.0-0.8]	181	164	190	Body Slam [Normal 50 33 2.0-1.3] | Seed Bomb [Grass 55 33 2.0-1.1] | Acid Spray [Poison 20 50 3.0-2.1] | Gunk Shot [Poison 130 100 3.0-1.6]
81	Eternatus	890	Poison	Dragon	23.08.2025	FALSE	Dragon		Poison Jab [Poison 13 9 1.0-0.4] | Dragon Tail [Dragon 14 8 1.0-0.8]	278	192	268	Dynamax Cannon [Dragon 215 100 1.5-0.9 elite] | Flamethrower [Fire 65 50 2.0-1.3] | Sludge Bomb [Poison 85 50 2.5-1.3] | Dragon Pulse [Dragon 90 50 3.5-2.0]
82	Eternatus Eternamax	890	Poison	Dragon	FALSE	FALSE			Poison Jab [Poison 13 9 1.0-0.4] | Dragon Tail [Dragon 14 8 1.0-0.8]	251	505	452	Dynamax Cannon [Dragon 215 100 1.5-0.9 elite] | Flamethrower [Fire 65 50 2.0-1.3] | Sludge Bomb [Poison 85 50 2.5-1.3] | Hyper Beam [Normal 150 100 4.0-3.5]
83	Abra	63	Psychic		15.09.2025	FALSE			Charge Beam [Electric 7 14 1.0-0.8] | Zen Headbutt [Psychic 11 9 1.0-0.8]	195	82	93	Psyshock [Psychic 60 33 2.5-1.8] | Signal Beam [Bug 75 50 3.0-1.9] | Shadow Ball [Ghost 100 50 3.0-2.4]
84	Kadabra	64	Psychic		15.09.2025	FALSE			Psycho Cut [Psychic 4 7 0.5-0.3] | Confusion [Psychic 19 14 1.5-0.5]	232	117	120	Psybeam [Psychic 65 50 3.0-1.1] | Shadow Ball [Ghost 100 50 3.0-2.4] | Dazzling Gleam [Fairy 100 50 3.5-2.1]
85	Alakazam	65	Psychic		15.09.2025	FALSE			Psycho Cut [Psychic 4 7 0.5-0.3] | Counter [Fighting 13 9 1.0-0.8 elite] | Confusion [Psychic 19 14 1.5-0.5]	271	167	146	Fire Punch [Fire 50 33 2.0-1.3] | Futuresight [Psychic 115 100 2.5-1.2] | Psychic [Psychic 95 50 3.0-1.5 elite] | Shadow Ball [Ghost 100 50 3.0-2.4] | Dazzling Gleam [Fairy 100 50 3.5-2.1 elite] | Focus Blast [Fighting 140 100 3.5-3.0]
86	Duraludon	884	Steel	Dragon	30.09.2025	???		Dragon	Metal Claw [Steel 6 5 0.5-0.2] | Dragon Tail [Dragon 14 8 1.0-0.8]	239	185	172	Dragon Claw [Dragon 45 33 1.5-0.9] | Flash Cannon [Steel 100 100 2.5-1.4] | Hyper Beam [Normal 150 100 4.0-3.5]
87	Bounsweet	761	Grass		13.10.2025	FALSE			Razor Leaf [Grass 13 7 1.0-0.6] | Charm [Fairy 20 11 1.5-0.9]	55	69	123	Draining Kiss [Fairy 60 50 2.5-0.9] | Energy Ball [Grass 90 50 4.0-3.1]
88	Steenee	762	Grass		13.10.2025	FALSE			Razor Leaf [Grass 13 7 1.0-0.6] | Charm [Fairy 20 11 1.5-0.9]	78	94	141	Triple Axel [Ice 60 33 2.0-1.5] | Draining Kiss [Fairy 60 50 2.5-0.9] | Grass Knot [Grass 90 50 2.5-1.6] | Energy Ball [Grass 90 50 4.0-3.1]
89	Tsareena	763	Grass		13.10.2025	FALSE			Razor Leaf [Grass 13 7 1.0-0.6] | Magical Leaf [Grass 17 17 1.5-0.8] | Charm [Fairy 20 11 1.5-0.9]	222	195	176	Stomp [Normal 50 50 1.5-0.9] | High Jump Kick [Fighting 90 100 1.5-0.5 elite] | Triple Axel [Ice 60 33 2.0-1.5] | Draining Kiss [Fairy 60 50 2.5-0.9] | Grass Knot [Grass 90 50 2.5-1.6] | Energy Ball [Grass 90 50 4.0-3.1]
90	Woobat	527	Psychic	Flying	27.10.2025	FALSE			Air Slash [Flying 12 8 1.0-0.8] | Confusion [Psychic 19 14 1.5-0.5]	107	85	163	Air Cutter [Flying 55 50 2.5-1.6] | Aerial Ace [Flying 55 33 2.5-2.0] | Psyshock [Psychic 60 33 2.5-1.8]
91	Swoobat	528	Psychic	Flying	27.10.2025	FALSE			Air Slash [Flying 12 8 1.0-0.8] | Confusion [Psychic 19 14 1.5-0.5]	161	119	167	Psychic Fangs [Psychic 25 33 1.0-0.2] | Fly [Flying 90 50 2.0-1.4] | Aerial Ace [Flying 55 33 2.5-2.0] | Futuresight [Psychic 115 100 2.5-1.2] | Psychic [Psychic 95 50 3.0-1.5]
92	Inkay	686	Dark	Psychic	03.11.2025	FALSE			Psywave [Psychic 4 7 0.5-0.3] | Tackle [Normal 5 5 0.5-0.3] | Peck [Flying 10 10 1.0-0.5]	98	95	142	Night Slash [Dark 45 33 2.0-1.1] | Psybeam [Psychic 65 50 3.0-1.1]
93	Malamar	687	Dark	Psychic	03.11.2025	FALSE			Psycho Cut [Psychic 4 7 0.5-0.3] | Psywave [Psychic 4 7 0.5-0.3] | Peck [Flying 10 10 1.0-0.5]	177	165	200	Foul Play [Dark 70 50 2.0-1.7] | Psybeam [Psychic 65 50 3.0-1.1] | Super Power [Fighting 85 50 3.0-2.1] | Hyper Beam [Normal 150 100 4.0-3.5]
94	Ralts	280	Psychic	Fairy	10.11.2025	FALSE			Charge Beam [Electric 7 14 1.0-0.8] | Confusion [Psychic 19 14 1.5-0.5]	79	59	99	Psyshock [Psychic 60 33 2.5-1.8] | Shadow Sneak [Ghost 50 33 3.0-2.3] | Disarming Voice [Fairy 70 33 4.0-3.3]
95	Kirlia	281	Psychic	Fairy	10.11.2025	FALSE			Charge Beam [Electric 7 14 1.0-0.8] | Magical Leaf [Grass 17 17 1.5-0.8] | Confusion [Psychic 19 14 1.5-0.5]	117	90	116	Triple Axel [Ice 60 33 2.0-1.5] | Draining Kiss [Fairy 60 50 2.5-0.9] | Shadow Sneak [Ghost 50 33 3.0-2.3] | Psychic [Psychic 95 50 3.0-1.5] | Disarming Voice [Fairy 70 33 4.0-3.3]
96	Gardevoir	282	Psychic	Fairy	10.11.2025	FALSE			Charge Beam [Electric 7 14 1.0-0.8] | Magical Leaf [Grass 17 17 1.5-0.8] | Confusion [Psychic 19 14 1.5-0.5] | Charm [Fairy 20 11 1.5-0.9]	237	195	169	Triple Axel [Ice 60 33 2.0-1.5] | Synchronoise [Psychic 80 50 2.5-0.8 elite] | Psychic [Psychic 95 50 3.0-1.5] | Shadow Ball [Ghost 100 50 3.0-2.4] | Dazzling Gleam [Fairy 100 50 3.5-2.1]
97	Gallade	475	Psychic	Fighting	10.11.2025	FALSE			Psycho Cut [Psychic 4 7 0.5-0.3] | Low Kick [Fighting 5 5 0.5-0.2] | Confusion [Psychic 19 14 1.5-0.5] | Charm [Fairy 20 11 1.5-0.9]	237	195	169	Leaf Blade [Grass 70 33 2.5-1.4] | Synchronoise [Psychic 80 50 2.5-0.8 elite] | Close Combat [Fighting 105 100 2.5-1.2] | Psychic [Psychic 95 50 3.0-1.5]
98	Grimmsnarl	861	Dark	Fairy	???	15.11.2025		Dark	Sucker Punch [Dark 5 6 0.5-0.1] | Low Kick [Fighting 5 5 0.5-0.2] | Bite [Dark 6 4 0.5-0.3]	227	139	216	Power Up Punch [Fighting 50 33 2.0-1.7] | Foul Play [Dark 70 50 2.0-1.7] | Dark Pulse [Dark 80 50 3.0-1.4] | Play Rough [Fairy 90 50 3.0-1.4]
99	Eevee	133	Normal		21.11.2025	???		Normal	Tackle [Normal 5 5 0.5-0.3] | Quick Attack [Normal 10 13 1.0-0.5]	104	114	146	Body Slam [Normal 50 33 2.0-1.3 elite] | Swift [Normal 65 50 3.0-2.2] | Last Resort [Normal 90 50 3.0-2.8 elite] | Dig [Ground 100 50 4.5-2.6]
100	Vaporeon	134	Water		21.11.2025	FALSE			Water Gun [Water 5 5 0.5-0.3]	205	161	277	Aqua Tail [Water 50 33 2.0-1.3] | Water Pulse [Water 65 50 3.0-2.0] | Liquidation [Water 70 33 3.0-2.0] | Last Resort [Normal 90 50 3.0-2.8 elite] | Scald [Water 75 50 3.5-1.1 elite] | Hydro Pump [Water 135 100 3.5-1.1]
101	Jolteon	135	Electric		21.11.2025	FALSE			Thunder Shock [Electric 4 7 0.5-0.2] | Volt Switch [Electric 13 20 1.5-0.6]	232	182	163	Discharge [Electric 65 33 2.5-1.7] | Thunderbolt [Electric 80 50 2.5-1.8] | Thunder [Electric 100 100 2.5-1.3] | Last Resort [Normal 90 50 3.0-2.8 elite] | Zap Cannon [Electric 140 100 3.5-2.8 elite]
102	Flareon	136	Fire		21.11.2025	FALSE			Ember [Fire 10 10 1.0-0.6] | Fire Spin [Fire 13 9 1.0-0.8]	246	179	163	Flamethrower [Fire 65 50 2.0-1.3] | Super Power [Fighting 85 50 3.0-2.1 elite] | Last Resort [Normal 90 50 3.0-2.8 elite] | Heat Wave [Fire 95 100 3.0-1.7 elite] | Fire Blast [Fire 140 100 4.0-2.9] | Overheat [Fire 160 100 4.0-2.6]
103	Espeon	196	Psychic		21.11.2025	FALSE			Zen Headbutt [Psychic 11 9 1.0-0.8] | Confusion [Psychic 19 14 1.5-0.5]	261	175	163	Psychic Fangs [Psychic 25 33 1.0-0.2] | Futuresight [Psychic 115 100 2.5-1.2] | Psybeam [Psychic 65 50 3.0-1.1] | Last Resort [Normal 90 50 3.0-2.8 elite] | Psychic [Psychic 95 50 3.0-1.5] | Shadow Ball [Ghost 100 50 3.0-2.4 elite]
104	Umbreon	197	Dark		21.11.2025	FALSE			Feint Attack [Dark 11 10 1.0-0.8] | Snarl [Dark 11 13 1.0-0.8]	126	240	216	Foul Play [Dark 70 50 2.0-1.7] | Dark Pulse [Dark 80 50 3.0-1.4] | Last Resort [Normal 90 50 3.0-2.8 elite] | Psychic [Psychic 95 50 3.0-1.5 elite]
105	Leafeon	470	Grass		21.11.2025	FALSE			Bullet Seed [Grass 7 13 1.0-0.8 elite] | Quick Attack [Normal 10 13 1.0-0.5] | Razor Leaf [Grass 13 7 1.0-0.6]	216	219	163	Leaf Blade [Grass 70 33 2.5-1.4] | Last Resort [Normal 90 50 3.0-2.8 elite] | Energy Ball [Grass 90 50 4.0-3.1] | Solar Beam [Grass 180 100 5.0-2.8]
106	Glaceon	471	Ice		21.11.2025	FALSE			Ice Shard [Ice 10 10 1.0-0.4] | Frost Breath [Ice 11 9 1.0-0.6]	238	205	163	Avalanche [Ice 85 50 2.5-1.5] | Water Pulse [Water 65 50 3.0-2.0 elite] | Last Resort [Normal 90 50 3.0-2.8 elite] | Icy Wind [Ice 65 33 3.5-2.2] | Ice Beam [Ice 95 50 3.5-1.5]
107	Sylveon	700	Fairy		21.11.2025	FALSE			Quick Attack [Normal 10 13 1.0-0.5] | Charm [Fairy 20 11 1.5-0.9]	203	205	216	Draining Kiss [Fairy 60 50 2.5-0.9] | Psyshock [Psychic 60 33 2.5-1.8 elite] | Last Resort [Normal 90 50 3.0-2.8 elite] | Dazzling Gleam [Fairy 100 50 3.5-2.1] | Moonblast [Fairy 130 100 4.0-2.3]
108	Lugia	249	Psychic	Flying	29.11.2025	FALSE			Extrasensory [Psychic 11 11 1.0-0.8] | Dragon Tail [Dragon 14 8 1.0-0.8]	193	310	235	Sky Attack [Flying 80 50 2.0-1.5] | Fly [Flying 90 50 2.0-1.4] | Futuresight [Psychic 115 100 2.5-1.2] | Hydro Pump [Water 135 100 3.5-1.1] | Aeroblast [Flying 180 100 3.5-3.3 elite]
109	Hitmonlee	106	Fighting		11.12.2025	FALSE			Low Kick [Fighting 5 5 0.5-0.2] | Double Kick [Fighting 10 13 1.0-0.3] | Rock Smash [Fighting 17 12 1.5-0.8]	224	181	137	Blaze Kick [Fire 40 33 1.0-0.3] | Brick Break [Fighting 40 33 1.5-0.7 elite] | Stomp [Normal 50 50 1.5-0.9 elite] | Low Sweep [Fighting 40 33 2.0-1.4] | Close Combat [Fighting 105 100 2.5-1.2] | Stone Edge [Rock 105 100 2.5-0.9]
110	Hitmonchan	107	Fighting		11.12.2025	FALSE			Bullet Punch [Steel 10 11 1.0-0.4] | Counter [Fighting 13 9 1.0-0.8] | Rock Smash [Fighting 17 12 1.5-0.8 elite]	193	197	137	Brick Break [Fighting 40 33 1.5-0.7 elite] | Fire Punch [Fire 50 33 2.0-1.3] | Ice Punch [Ice 50 33 2.0-1.4] | Thunder Punch [Electric 50 33 2.0-1.9] | Power Up Punch [Fighting 50 33 2.0-1.7] | Close Combat [Fighting 105 100 2.5-1.2]
111	Spheal	363	Ice	Water	22.12.2025	FALSE			Water Gun [Water 5 5 0.5-0.3] | Rock Smash [Fighting 17 12 1.5-0.8]	95	90	172	Body Slam [Normal 50 33 2.0-1.3] | Water Pulse [Water 65 50 3.0-2.0] | Aurora Beam [Ice 80 50 3.5-3.3]
112	Sealeo	364	Ice	Water	22.12.2025	FALSE			Water Gun [Water 5 5 0.5-0.3] | Powder Snow [Ice 6 15 1.0-0.8]	137	132	207	Surf [Water 60 50 1.5-1.2] | Body Slam [Normal 50 33 2.0-1.3] | Water Pulse [Water 65 50 3.0-2.0] | Aurora Beam [Ice 80 50 3.5-3.3]
113	Walrein	365	Ice	Water	22.12.2025	FALSE			Powder Snow [Ice 6 15 1.0-0.8 elite] | Frost Breath [Ice 11 9 1.0-0.6] | Waterfall [Water 13 7 1.0-0.8]	182	176	242	Icicle Spear [Ice 55 33 2.0-1.0 elite] | Water Pulse [Water 65 50 3.0-2.0] | Blizzard [Ice 130 100 3.0-1.4] | Earthquake [Ground 140 100 3.5-2.6]
114	Drampa	780	Normal	Dragon	05.01.2026	FALSE			Dragon Breath [Dragon 6 4 0.5-0.3] | Extrasensory [Psychic 11 11 1.0-0.8]	231	164	186	Fly [Flying 90 50 2.0-1.4] | Swift [Normal 65 50 3.0-2.2] | Dragon Pulse [Dragon 90 50 3.5-2.0] | Outrage [Dragon 110 50 4.0-2.6]
115	Roggenrola	524	Rock		26.01.2026	FALSE			Tackle [Normal 5 5 0.5-0.3] | Smack Down [Rock 13 7 1.0-0.6]	121	110	146	Rock Blast [Rock 50 33 2.0-1.5] | Stone Edge [Rock 105 100 2.5-0.9] | Bulldoze [Ground 80 50 3.5-2.6]
116	Boldore	525	Rock		26.01.2026	FALSE			Smack Down [Rock 13 7 1.0-0.6] | Mud Slap [Ground 19 13 1.5-1.3]	174	143	172	Rock Slide [Rock 75 50 2.5-1.3] | Stone Edge [Rock 105 100 2.5-0.9] | Bulldoze [Ground 80 50 3.5-2.6]
117	Gigalith	526	Rock		26.01.2026	FALSE			Smack Down [Rock 13 7 1.0-0.6] | Mud Slap [Ground 19 13 1.5-1.3]	226	201	198	Heavy Slam [Steel 70 50 2.0-1.4] | Meteor Beam [Rock 140 100 2.0-1.1 elite] | Rock Slide [Rock 75 50 2.5-1.3] | Super Power [Fighting 85 50 3.0-2.1] | Solar Beam [Grass 180 100 5.0-2.8]
118	Ho-Oh	250	Fire	Flying	31.01.2026	FALSE			Extrasensory [Psychic 11 11 1.0-0.8] | Steel Wing [Steel 14 8 1.0-0.7] | Hidden Power [Normal 15 15 1.5-1.1] | Incinerate [Fire 32 22 2.5-0.7]	239	244	214	Brave Bird [Flying 130 100 2.0-1.0] | Sacred Fire [Fire 120 100 2.5-1.1 elite] | Earthquake [Ground 140 100 3.5-2.6 elite] | Fire Blast [Fire 140 100 4.0-2.9] | Solar Beam [Grass 180 100 5.0-2.8]
	Meowth	52	Normal		???	15.02.2026		Normal	Scratch [Normal 6 4 0.5-0.3] | Bite [Dark 6 4 0.5-0.3]	92	78	120	Night Slash [Dark 45 33 2.0-1.1] | Body Slam [Normal 50 33 2.0-1.3 elite] | Foul Play [Dark 70 50 2.0-1.7] | Dark Pulse [Dark 80 50 3.0-1.4]
	Growlithe	58	Fire		09.02.2026	FALSE			Bite [Dark 6 4 0.5-0.3] | Ember [Fire 10 10 1.0-0.6]	136	93	146	Body Slam [Normal 50 33 2.0-1.3] | Flamethrower [Fire 65 50 2.0-1.3] | Flame Wheel [Fire 55 50 2.5-1.9]
	Arcanine	59	Fire		09.02.2026	FALSE			Bite [Dark 6 4 0.5-0.3 elite] | Thunder Fang [Electric 10 13 1.0-0.2] | Snarl [Dark 11 13 1.0-0.8] | Fire Fang [Fire 13 9 1.0-0.7]	227	166	207	Psychic Fangs [Psychic 25 33 1.0-0.2] | Flamethrower [Fire 65 50 2.0-1.3] | Wild Charge [Electric 90 50 2.5-1.6] | Crunch [Dark 65 33 3.0-1.1] | Scorching Sands [Ground 90 50 3.0-1.4] | Bulldoze [Ground 80 50 3.5-2.6 elite] | Fire Blast [Fire 140 100 4.0-2.9]